Estado;Cantidad;Precio
Compra;0.004660;21444.04
Venta;0.00466;21570.87
Compra;0.00468;21462.87
Venta;0.00468;21571.13
Compra;0.0047;21463.0
Venta;0.0047;21570.39
